{
  "generated_at": "2026-04-14T13:08:07.447206+00:00",
  "products": [
    {
      "baseline_next_mid_mae": 1.0784240811054135,
      "comparisons": [
        {
          "coverage": 0.9229333333333334,
          "current_mid_mae": 0.0,
          "estimator": "mid",
          "final_position": -30,
          "horizon_5_mid_mae": 1.2740805946791862,
          "maker_share": 0.13372093023255813,
          "mean_diff_vs_mid": 0.0,
          "mean_diff_vs_primary": 1.8602028294469442,
          "next_mid_delta_vs_mid": 0.0,
          "next_mid_mae": 1.0784240811054135,
          "pnl": -67397.0,
          "samples": 27688,
          "steps_near_limit": 6290,
          "trade_count": 49,
          "value_change_frequency": 0.6022233530355815
        },
        {
          "coverage": 0.9229333333333334,
          "current_mid_mae": 0.7050338998084063,
          "estimator": "microprice",
          "final_position": -23,
          "horizon_5_mid_mae": 1.2025182675694768,
          "maker_share": 0.2127659574468085,
          "mean_diff_vs_mid": 0.7050338998084063,
          "mean_diff_vs_primary": 1.8627097436388322,
          "next_mid_delta_vs_mid": -0.06829457550275952,
          "next_mid_mae": 1.010129505602654,
          "pnl": -65277.0,
          "samples": 27688,
          "steps_near_limit": 1798,
          "trade_count": 79,
          "value_change_frequency": 0.6255137589540847
        },
        {
          "coverage": 1.0,
          "current_mid_mae": 2.687927048112744,
          "estimator": "rolling_mid",
          "final_position": 9,
          "horizon_5_mid_mae": 3.1774227878342676,
          "maker_share": 0.0151090006475286,
          "mean_diff_vs_mid": 2.687927048112744,
          "mean_diff_vs_primary": 0.8648185019330469,
          "next_mid_delta_vs_mid": 1.7138353742221661,
          "next_mid_mae": 2.7922594553275797,
          "pnl": -36390.0,
          "samples": 30000,
          "steps_near_limit": 4020,
          "trade_count": 878,
          "value_change_frequency": 0.9886996233207773
        },
        {
          "coverage": 1.0,
          "current_mid_mae": 1.8602028294469442,
          "estimator": "weighted_mid",
          "final_position": 30,
          "horizon_5_mid_mae": 2.3462689120360554,
          "maker_share": 0.013361169102296452,
          "mean_diff_vs_mid": 1.8602028294469442,
          "mean_diff_vs_primary": 0.0,
          "next_mid_delta_vs_mid": 0.8900932489850564,
          "next_mid_mae": 1.96851733009047,
          "pnl": -8133.0,
          "samples": 30000,
          "steps_near_limit": 2786,
          "trade_count": 901,
          "value_change_frequency": 0.994133137771259
        },
        {
          "coverage": 1.0,
          "current_mid_mae": 0.6646218098342501,
          "estimator": "ewma_mid",
          "final_position": 35,
          "horizon_5_mid_mae": 1.1645923479999625,
          "maker_share": 0.0033193184332816995,
          "mean_diff_vs_mid": 0.6646218098342501,
          "mean_diff_vs_primary": 1.479067860993695,
          "next_mid_delta_vs_mid": -0.12893005850488704,
          "next_mid_mae": 0.9494940226005265,
          "pnl": 29066.0,
          "samples": 30000,
          "steps_near_limit": 568,
          "trade_count": 829,
          "value_change_frequency": 0.9658321944064803
        },
        {
          "coverage": 0.9229333333333334,
          "current_mid_mae": 0.5947350383400252,
          "estimator": "depth_mid",
          "final_position": 28,
          "horizon_5_mid_mae": 1.0780194824435392,
          "maker_share": 0.008982035928143712,
          "mean_diff_vs_mid": 0.5947350383400252,
          "mean_diff_vs_primary": 1.7604938742362453,
          "next_mid_delta_vs_mid": -0.13581409344275464,
          "next_mid_mae": 0.9426099876626589,
          "pnl": 40428.0,
          "samples": 27688,
          "steps_near_limit": 1762,
          "trade_count": 817,
          "value_change_frequency": 0.8773632911887893
        },
        {
          "coverage": 0.9229333333333334,
          "current_mid_mae": 0.8654471251083502,
          "estimator": "wall_mid",
          "final_position": 29,
          "horizon_5_mid_mae": 1.1316510172143974,
          "maker_share": 0.007191288267926854,
          "mean_diff_vs_mid": 0.8654471251083502,
          "mean_diff_vs_primary": 1.7707557551722761,
          "next_mid_delta_vs_mid": -0.12306728774415787,
          "next_mid_mae": 0.9553567933612557,
          "pnl": 18662.0,
          "samples": 27688,
          "steps_near_limit": 3180,
          "trade_count": 897,
          "value_change_frequency": 0.5604963400790699
        },
        {
          "coverage": 0.9229333333333334,
          "current_mid_mae": 0.8654471251083502,
          "estimator": "filtered_wall_mid",
          "final_position": 29,
          "horizon_5_mid_mae": 1.1316510172143974,
          "maker_share": 0.007191288267926854,
          "mean_diff_vs_mid": 0.8654471251083502,
          "mean_diff_vs_primary": 1.7707557551722761,
          "next_mid_delta_vs_mid": -0.12306728774415787,
          "next_mid_mae": 0.9553567933612557,
          "pnl": 18662.0,
          "samples": 27688,
          "steps_near_limit": 3180,
          "trade_count": 897,
          "value_change_frequency": 0.5604963400790699
        },
        {
          "coverage": 0.9229333333333334,
          "current_mid_mae": 0.7837654903373176,
          "estimator": "hybrid_wall_micro",
          "final_position": 9,
          "horizon_5_mid_mae": 1.0594754562084074,
          "maker_share": 0.003961703532518983,
          "mean_diff_vs_mid": 0.7837654903373176,
          "mean_diff_vs_primary": 1.7679941252650646,
          "next_mid_delta_vs_mid": -0.16694911415011515,
          "next_mid_mae": 0.9114749669552984,
          "pnl": 33318.0,
          "samples": 27688,
          "steps_near_limit": 0,
          "trade_count": 584,
          "value_change_frequency": 0.8393940580107253
        }
      ],
      "live_method": "weighted_mid",
      "product": "INTARIAN_PEPPER_ROOT"
    }
  ],
  "run_label": "round1_fv_phase1_INTARIAN_PEPPER_ROOT"
}