{
  "generated_at": "2026-04-14T14:09:31.149258+00:00",
  "per_product": {
    "ASH_COATED_OSMIUM": {
      "avg_entry_edge": 2.2447116455132488,
      "avg_markout_1": 1.961212272387129,
      "avg_markout_20": 1.7581691194811673,
      "avg_markout_5": 1.863681716138688,
      "buy_trade_quantity": 2243,
      "cash": 57336.0,
      "entry_edge_count": 650,
      "final_position": -5,
      "maker_trade_count": 8,
      "maker_trade_quantity": 11,
      "mark_price": 10007.0,
      "markout_1_count": 585,
      "markout_20_count": 585,
      "markout_5_count": 585,
      "order_count": 60476,
      "pnl": 7301.0,
      "sell_trade_quantity": 2248,
      "steps_near_limit": 100,
      "taker_trade_count": 642,
      "taker_trade_quantity": 4480,
      "trade_count": 650
    },
    "INTARIAN_PEPPER_ROOT": {
      "avg_entry_edge": 2.9390432917139555,
      "avg_markout_1": 3.4889593610523844,
      "avg_markout_20": 3.432111815832746,
      "avg_markout_5": 3.5319473807845903,
      "buy_trade_quantity": 2221,
      "cash": -402156.0,
      "entry_edge_count": 803,
      "final_position": 37,
      "maker_trade_count": 5,
      "maker_trade_quantity": 7,
      "mark_price": 13000.0,
      "markout_1_count": 771,
      "markout_20_count": 771,
      "markout_5_count": 771,
      "order_count": 57169,
      "pnl": 78844.0,
      "sell_trade_quantity": 2184,
      "steps_near_limit": 7224,
      "taker_trade_count": 798,
      "taker_trade_quantity": 4398,
      "trade_count": 803
    }
  },
  "run_label": "round1_pepper_c2_linear_drift_h32_skew1_f09",
  "steps": 30000,
  "total_pnl": 86145.0
}