{
  "generated_at": "2026-04-14T14:04:21.338905+00:00",
  "per_product": {
    "ASH_COATED_OSMIUM": {
      "avg_entry_edge": 2.2447116455132488,
      "avg_markout_1": 1.961212272387129,
      "avg_markout_20": 1.7581691194811673,
      "avg_markout_5": 1.863681716138688,
      "buy_trade_quantity": 2243,
      "cash": 57336.0,
      "entry_edge_count": 650,
      "final_position": -5,
      "maker_trade_count": 8,
      "maker_trade_quantity": 11,
      "mark_price": 10007.0,
      "markout_1_count": 585,
      "markout_20_count": 585,
      "markout_5_count": 585,
      "order_count": 60476,
      "pnl": 7301.0,
      "sell_trade_quantity": 2248,
      "steps_near_limit": 100,
      "taker_trade_count": 642,
      "taker_trade_quantity": 4480,
      "trade_count": 650
    },
    "INTARIAN_PEPPER_ROOT": {
      "avg_entry_edge": 2.9636752677702045,
      "avg_markout_1": 3.5199545339732254,
      "avg_markout_20": 3.401742864359687,
      "avg_markout_5": 3.53043697903511,
      "buy_trade_quantity": 2063,
      "cash": -198799.0,
      "entry_edge_count": 763,
      "final_position": 18,
      "maker_trade_count": 20,
      "maker_trade_quantity": 29,
      "mark_price": 13000.0,
      "markout_1_count": 731,
      "markout_20_count": 731,
      "markout_5_count": 731,
      "order_count": 60743,
      "pnl": 35201.0,
      "sell_trade_quantity": 2045,
      "steps_near_limit": 0,
      "taker_trade_count": 743,
      "taker_trade_quantity": 4079,
      "trade_count": 763
    }
  },
  "run_label": "round1_pepper_c3_linear_drift_h32_skew4_f08",
  "steps": 30000,
  "total_pnl": 42502.0
}