{
  "generated_at": "2026-04-14T13:07:41.495553+00:00",
  "products": [
    {
      "baseline_next_mid_mae": 1.2491364421416236,
      "comparisons": [
        {
          "coverage": 1.0,
          "current_mid_mae": 3.8585226450586023,
          "estimator": "anchor",
          "final_position": -41,
          "horizon_5_mid_mae": 3.859081041968162,
          "maker_share": 0.010319251854240567,
          "mean_diff_vs_mid": 3.8585226450586023,
          "mean_diff_vs_primary": 0.0,
          "next_mid_delta_vs_mid": 2.609386202916979,
          "next_mid_mae": 3.8585226450586023,
          "pnl": 9991.0,
          "samples": 30000,
          "steps_near_limit": 12472,
          "trade_count": 550,
          "value_change_frequency": 0.0
        },
        {
          "coverage": 0.9214666666666667,
          "current_mid_mae": 0.0,
          "estimator": "mid",
          "final_position": -48,
          "horizon_5_mid_mae": 1.3981710428195768,
          "maker_share": 0.04307116104868914,
          "mean_diff_vs_mid": 0.0,
          "mean_diff_vs_primary": 3.8585226450586023,
          "next_mid_delta_vs_mid": 0.0,
          "next_mid_mae": 1.2491364421416236,
          "pnl": 1227.0,
          "samples": 27644,
          "steps_near_limit": 12562,
          "trade_count": 82,
          "value_change_frequency": 0.6724368032658188
        },
        {
          "coverage": 0.9214666666666667,
          "current_mid_mae": 0.9808514279482898,
          "estimator": "microprice",
          "final_position": -48,
          "horizon_5_mid_mae": 1.39249105024085,
          "maker_share": 0.03717472118959108,
          "mean_diff_vs_mid": 0.9808514279482898,
          "mean_diff_vs_primary": 3.848083255457406,
          "next_mid_delta_vs_mid": -0.01905542757500167,
          "next_mid_mae": 1.2300810145666219,
          "pnl": 1195.0,
          "samples": 27644,
          "steps_near_limit": 9462,
          "trade_count": 83,
          "value_change_frequency": 0.6889621604647511
        },
        {
          "coverage": 0.9999666666666667,
          "current_mid_mae": 1.3801162131998503,
          "estimator": "rolling_mid",
          "final_position": 13,
          "horizon_5_mid_mae": 1.5011258372526677,
          "maker_share": 0.0019216910881575786,
          "mean_diff_vs_mid": 1.3801162131998503,
          "mean_diff_vs_primary": 3.651644132785424,
          "next_mid_delta_vs_mid": 0.16675066116163562,
          "next_mid_mae": 1.4158871033032592,
          "pnl": 8597.0,
          "samples": 29999,
          "steps_near_limit": 961,
          "trade_count": 618,
          "value_change_frequency": 0.900726715114341
        },
        {
          "coverage": 0.9999666666666667,
          "current_mid_mae": 1.1967838521588992,
          "estimator": "weighted_mid",
          "final_position": 3,
          "horizon_5_mid_mae": 1.3539028562596196,
          "maker_share": 0.002844275894761792,
          "mean_diff_vs_mid": 1.1967838521588992,
          "mean_diff_vs_primary": 3.6682451394878837,
          "next_mid_delta_vs_mid": 0.0025744531732374565,
          "next_mid_mae": 1.251710895314861,
          "pnl": 8840.0,
          "samples": 29999,
          "steps_near_limit": 789,
          "trade_count": 616,
          "value_change_frequency": 0.9907660510700713
        },
        {
          "coverage": 0.9999666666666667,
          "current_mid_mae": 0.7331114649340661,
          "estimator": "ewma_mid",
          "final_position": 21,
          "horizon_5_mid_mae": 1.1856664941904898,
          "maker_share": 0.008014247551202136,
          "mean_diff_vs_mid": 0.7331114649340661,
          "mean_diff_vs_primary": 3.731725618434139,
          "next_mid_delta_vs_mid": -0.20179646286692376,
          "next_mid_mae": 1.0473399792746998,
          "pnl": 2695.0,
          "samples": 29999,
          "steps_near_limit": 0,
          "trade_count": 168,
          "value_change_frequency": 0.9710980732048803
        },
        {
          "coverage": 0.9214666666666667,
          "current_mid_mae": 0.7313145614477693,
          "estimator": "depth_mid",
          "final_position": 2,
          "horizon_5_mid_mae": 1.1853969709231105,
          "maker_share": 0.005944055944055944,
          "mean_diff_vs_mid": 0.7313145614477693,
          "mean_diff_vs_primary": 3.768981772294008,
          "next_mid_delta_vs_mid": -0.19200226124299302,
          "next_mid_mae": 1.0571341808986305,
          "pnl": 4719.0,
          "samples": 27644,
          "steps_near_limit": 372,
          "trade_count": 447,
          "value_change_frequency": 0.995014915999372
        },
        {
          "coverage": 0.9214666666666667,
          "current_mid_mae": 1.022373751989582,
          "estimator": "wall_mid",
          "final_position": -6,
          "horizon_5_mid_mae": 1.244593586875466,
          "maker_share": 0.0034979423868312758,
          "mean_diff_vs_mid": 1.022373751989582,
          "mean_diff_vs_primary": 3.7900267689191143,
          "next_mid_delta_vs_mid": -0.1162270372114933,
          "next_mid_mae": 1.1329094049301303,
          "pnl": 8783.0,
          "samples": 27644,
          "steps_near_limit": 2654,
          "trade_count": 698,
          "value_change_frequency": 0.6271785209609044
        },
        {
          "coverage": 0.9214666666666667,
          "current_mid_mae": 1.022373751989582,
          "estimator": "filtered_wall_mid",
          "final_position": -6,
          "horizon_5_mid_mae": 1.244593586875466,
          "maker_share": 0.0034979423868312758,
          "mean_diff_vs_mid": 1.022373751989582,
          "mean_diff_vs_primary": 3.7900267689191143,
          "next_mid_delta_vs_mid": -0.1162270372114933,
          "next_mid_mae": 1.1329094049301303,
          "pnl": 8783.0,
          "samples": 27644,
          "steps_near_limit": 2654,
          "trade_count": 698,
          "value_change_frequency": 0.6271785209609044
        },
        {
          "coverage": 0.9214666666666667,
          "current_mid_mae": 0.9981269061240989,
          "estimator": "hybrid_wall_micro",
          "final_position": -15,
          "horizon_5_mid_mae": 1.2095736896438447,
          "maker_share": 0.015247776365946633,
          "mean_diff_vs_mid": 0.9981269061240989,
          "mean_diff_vs_primary": 3.7748121581007075,
          "next_mid_delta_vs_mid": -0.18199253532705906,
          "next_mid_mae": 1.0671439068145645,
          "pnl": 1087.0,
          "samples": 27644,
          "steps_near_limit": 677,
          "trade_count": 127,
          "value_change_frequency": 0.8797691945360339
        }
      ],
      "live_method": "anchor",
      "product": "ASH_COATED_OSMIUM"
    }
  ],
  "run_label": "round1_fv_phase1_ASH_COATED_OSMIUM"
}