{
  "generated_at": "2026-04-14T14:03:58.562906+00:00",
  "per_product": {
    "ASH_COATED_OSMIUM": {
      "avg_entry_edge": 0.8026166246056605,
      "avg_markout_1": 2.0807159743329957,
      "avg_markout_20": 1.9344815940560622,
      "avg_markout_5": 1.944951030057413,
      "buy_trade_quantity": 1587,
      "cash": -33581.0,
      "entry_edge_count": 472,
      "final_position": 4,
      "maker_trade_count": 11,
      "maker_trade_quantity": 11,
      "mark_price": 10007.0,
      "markout_1_count": 440,
      "markout_20_count": 440,
      "markout_5_count": 440,
      "order_count": 60440,
      "pnl": 6447.0,
      "sell_trade_quantity": 1583,
      "steps_near_limit": 0,
      "taker_trade_count": 461,
      "taker_trade_quantity": 3159,
      "trade_count": 472
    },
    "INTARIAN_PEPPER_ROOT": {
      "avg_entry_edge": 3.0526183180682844,
      "avg_markout_1": 3.4601845889675897,
      "avg_markout_20": 3.3942906203047865,
      "avg_markout_5": 3.5037561708521143,
      "buy_trade_quantity": 2416,
      "cash": -347582.0,
      "entry_edge_count": 907,
      "final_position": 28,
      "maker_trade_count": 45,
      "maker_trade_quantity": 60,
      "mark_price": 13000.0,
      "markout_1_count": 876,
      "markout_20_count": 876,
      "markout_5_count": 876,
      "order_count": 57058,
      "pnl": 16418.0,
      "sell_trade_quantity": 2388,
      "steps_near_limit": 4872,
      "taker_trade_count": 862,
      "taker_trade_quantity": 4744,
      "trade_count": 907
    }
  },
  "run_label": "round1_ash_c2_ewma_mid_t025",
  "steps": 30000,
  "total_pnl": 22865.0
}