seed,n_ticks,final_pnl,realized_alpha,realized_r2,realized_downside_dev,n_fills_total,n_orders_rejected_total
20260417,1000,-894.5742,-0.771095,0.629004,17.207417,25,0
20260418,1000,-33.2490,0.196336,0.290156,9.561925,33,0
20260419,1000,931.2031,0.885362,0.973219,8.632660,30,0
20260420,1000,-14.0801,-0.135012,0.420985,7.697875,28,0
20260421,1000,700.2734,0.826080,0.934503,6.585565,33,0
