{
  "generated_at": "2026-04-14T14:09:08.214294+00:00",
  "per_product": {
    "ASH_COATED_OSMIUM": {
      "avg_entry_edge": 2.0813188938309803,
      "avg_markout_1": 1.8893728222996515,
      "avg_markout_20": 1.7161367595818815,
      "avg_markout_5": 1.7887630662020906,
      "buy_trade_quantity": 2581,
      "cash": 97810.0,
      "entry_edge_count": 766,
      "final_position": -9,
      "maker_trade_count": 9,
      "maker_trade_quantity": 14,
      "mark_price": 10007.0,
      "markout_1_count": 689,
      "markout_20_count": 689,
      "markout_5_count": 689,
      "order_count": 60540,
      "pnl": 7747.0,
      "sell_trade_quantity": 2590,
      "steps_near_limit": 110,
      "taker_trade_count": 757,
      "taker_trade_quantity": 5157,
      "trade_count": 766
    },
    "INTARIAN_PEPPER_ROOT": {
      "avg_entry_edge": 3.0526183180682844,
      "avg_markout_1": 3.4601845889675897,
      "avg_markout_20": 3.3942906203047865,
      "avg_markout_5": 3.5037561708521143,
      "buy_trade_quantity": 2416,
      "cash": -347582.0,
      "entry_edge_count": 907,
      "final_position": 28,
      "maker_trade_count": 45,
      "maker_trade_quantity": 60,
      "mark_price": 13000.0,
      "markout_1_count": 876,
      "markout_20_count": 876,
      "markout_5_count": 876,
      "order_count": 57058,
      "pnl": 16418.0,
      "sell_trade_quantity": 2388,
      "steps_near_limit": 4872,
      "taker_trade_count": 862,
      "taker_trade_quantity": 4744,
      "trade_count": 907
    }
  },
  "run_label": "round1_ash_c1_wall_mid_t05",
  "steps": 30000,
  "total_pnl": 24165.0
}