{
  "generated_at": "2026-04-13T17:44:30.056644+00:00",
  "products": [
    {
      "baseline_next_mid_mae": 0.7896894844742237,
      "comparisons": [
        {
          "coverage": 1.0,
          "current_mid_mae": 0.0,
          "estimator": "mid",
          "final_position": -1,
          "horizon_5_mid_mae": 1.2307326831707928,
          "maker_share": 1.0,
          "mean_diff_vs_mid": 0.0,
          "mean_diff_vs_primary": 0.5360233333333609,
          "next_mid_delta_vs_mid": 0.0,
          "next_mid_mae": 0.7896894844742237,
          "pnl": -9.0,
          "samples": 20000,
          "steps_near_limit": 0,
          "trade_count": 7,
          "value_change_frequency": 0.6790339516975848
        },
        {
          "coverage": 1.0,
          "current_mid_mae": 1.6933610274655853,
          "estimator": "rolling_mid",
          "final_position": -6,
          "horizon_5_mid_mae": 1.9206830236183132,
          "maker_share": 0.003737541528239203,
          "mean_diff_vs_mid": 1.6933610274655853,
          "mean_diff_vs_primary": 1.5004726261050376,
          "next_mid_delta_vs_mid": 0.9552065132404002,
          "next_mid_mae": 1.744895997714624,
          "pnl": 1188.0,
          "samples": 20000,
          "steps_near_limit": 0,
          "trade_count": 405,
          "value_change_frequency": 0.9459972998649933
        },
        {
          "coverage": 1.0,
          "current_mid_mae": 0.5360233333333609,
          "estimator": "weighted_mid",
          "final_position": 6,
          "horizon_5_mid_mae": 1.1872118029507461,
          "maker_share": 0.056818181818181816,
          "mean_diff_vs_mid": 0.5360233333333609,
          "mean_diff_vs_primary": 0.0,
          "next_mid_delta_vs_mid": 0.025172925312949457,
          "next_mid_mae": 0.8148624097871732,
          "pnl": 276.0,
          "samples": 20000,
          "steps_near_limit": 0,
          "trade_count": 16,
          "value_change_frequency": 0.9590979548977449
        },
        {
          "coverage": 1.0,
          "current_mid_mae": 0.57927921523939,
          "estimator": "ewma_mid",
          "final_position": 6,
          "horizon_5_mid_mae": 1.1894472077406226,
          "maker_share": 0.02252252252252252,
          "mean_diff_vs_mid": 0.57927921523939,
          "mean_diff_vs_primary": 0.1584946971366484,
          "next_mid_delta_vs_mid": 0.037893630659804334,
          "next_mid_mae": 0.827583115134028,
          "pnl": 273.0,
          "samples": 20000,
          "steps_near_limit": 0,
          "trade_count": 34,
          "value_change_frequency": 1.0
        },
        {
          "coverage": 1.0,
          "current_mid_mae": 0.34549735218555827,
          "estimator": "depth_mid",
          "final_position": 5,
          "horizon_5_mid_mae": 1.0975200401874796,
          "maker_share": 0.044444444444444446,
          "mean_diff_vs_mid": 0.34549735218555827,
          "mean_diff_vs_primary": 0.4449737763337234,
          "next_mid_delta_vs_mid": -0.1373358261733445,
          "next_mid_mae": 0.6523536583008792,
          "pnl": -256.0,
          "samples": 20000,
          "steps_near_limit": 0,
          "trade_count": 27,
          "value_change_frequency": 0.8464923246162308
        },
        {
          "coverage": 1.0,
          "current_mid_mae": 0.06911131690119336,
          "estimator": "microprice",
          "final_position": -1,
          "horizon_5_mid_mae": 1.1871626846434604,
          "maker_share": 1.0,
          "mean_diff_vs_mid": 0.06911131690119336,
          "mean_diff_vs_primary": 0.4927228463255294,
          "next_mid_delta_vs_mid": -0.048890740665568755,
          "next_mid_mae": 0.740798743808655,
          "pnl": -9.0,
          "samples": 20000,
          "steps_near_limit": 0,
          "trade_count": 7,
          "value_change_frequency": 0.6790839541977098
        },
        {
          "coverage": 1.0,
          "current_mid_mae": 0.450225,
          "estimator": "wall_mid",
          "final_position": -2,
          "horizon_5_mid_mae": 1.0919229807451862,
          "maker_share": 0.0021231422505307855,
          "mean_diff_vs_mid": 0.450225,
          "mean_diff_vs_primary": 0.512201666666689,
          "next_mid_delta_vs_mid": -0.14228211410570524,
          "next_mid_mae": 0.6474073703685185,
          "pnl": 1296.0,
          "samples": 20000,
          "steps_near_limit": 0,
          "trade_count": 263,
          "value_change_frequency": 0.42942147107355366
        },
        {
          "coverage": 1.0,
          "current_mid_mae": 0.450225,
          "estimator": "filtered_wall_mid",
          "final_position": -2,
          "horizon_5_mid_mae": 1.0919229807451862,
          "maker_share": 0.0021231422505307855,
          "mean_diff_vs_mid": 0.450225,
          "mean_diff_vs_primary": 0.512201666666689,
          "next_mid_delta_vs_mid": -0.14228211410570524,
          "next_mid_mae": 0.6474073703685185,
          "pnl": 1296.0,
          "samples": 20000,
          "steps_near_limit": 0,
          "trade_count": 263,
          "value_change_frequency": 0.42942147107355366
        },
        {
          "coverage": 1.0,
          "current_mid_mae": 0.25235656496023556,
          "estimator": "hybrid_wall_micro",
          "final_position": -1,
          "horizon_5_mid_mae": 1.1211457162303797,
          "maker_share": 1.0,
          "mean_diff_vs_mid": 0.25235656496023556,
          "mean_diff_vs_primary": 0.42831193154820396,
          "next_mid_delta_vs_mid": -0.1102956561765005,
          "next_mid_mae": 0.6793938282977232,
          "pnl": -9.0,
          "samples": 20000,
          "steps_near_limit": 0,
          "trade_count": 7,
          "value_change_frequency": 0.7702385119255962
        }
      ],
      "live_method": "weighted_mid",
      "product": "TOMATOES"
    }
  ],
  "run_label": "optim_tomatoes_fv"
}