{
  "phase": "j",
  "n_cells": 9,
  "elapsed_sec": 46.44829607009888,
  "best_overall_mean": 3666.0,
  "best_overall_exp_off": 9834.302802772374,
  "by_lever": {
    "J": {
      "best_cell_by_mean": "J8_I2a_replay",
      "best_mean": 3666.0,
      "best_cell_by_exp_off": "J8_I2a_replay",
      "best_exp_off": 9834.302802772374,
      "worst_mean": 3445.6666666666665,
      "n": 9
    }
  }
}
