{
  "generated_at": "2026-04-14T14:04:04.339167+00:00",
  "per_product": {
    "ASH_COATED_OSMIUM": {
      "avg_entry_edge": 2.2447116455132488,
      "avg_markout_1": 1.961212272387129,
      "avg_markout_20": 1.7581691194811673,
      "avg_markout_5": 1.863681716138688,
      "buy_trade_quantity": 2243,
      "cash": 57336.0,
      "entry_edge_count": 650,
      "final_position": -5,
      "maker_trade_count": 8,
      "maker_trade_quantity": 11,
      "mark_price": 10007.0,
      "markout_1_count": 585,
      "markout_20_count": 585,
      "markout_5_count": 585,
      "order_count": 60476,
      "pnl": 7301.0,
      "sell_trade_quantity": 2248,
      "steps_near_limit": 100,
      "taker_trade_count": 642,
      "taker_trade_quantity": 4480,
      "trade_count": 650
    },
    "INTARIAN_PEPPER_ROOT": {
      "avg_entry_edge": 2.9491456730769228,
      "avg_markout_1": 3.5077123872804936,
      "avg_markout_20": 3.4405552918841957,
      "avg_markout_5": 3.5615804461319414,
      "buy_trade_quantity": 2201,
      "cash": -385700.0,
      "entry_edge_count": 800,
      "final_position": 34,
      "maker_trade_count": 9,
      "maker_trade_quantity": 11,
      "mark_price": 13000.0,
      "markout_1_count": 767,
      "markout_20_count": 767,
      "markout_5_count": 767,
      "order_count": 59506,
      "pnl": 56300.0,
      "sell_trade_quantity": 2167,
      "steps_near_limit": 1733,
      "taker_trade_count": 791,
      "taker_trade_quantity": 4357,
      "trade_count": 800
    }
  },
  "run_label": "round1_pepper_c1_linear_drift_h32_t20_f08",
  "steps": 30000,
  "total_pnl": 63601.0
}