{
  "generated_at": "2026-04-14T14:04:09.918658+00:00",
  "per_product": {
    "ASH_COATED_OSMIUM": {
      "avg_entry_edge": 2.2447116455132488,
      "avg_markout_1": 1.961212272387129,
      "avg_markout_20": 1.7581691194811673,
      "avg_markout_5": 1.863681716138688,
      "buy_trade_quantity": 2243,
      "cash": 57336.0,
      "entry_edge_count": 650,
      "final_position": -5,
      "maker_trade_count": 8,
      "maker_trade_quantity": 11,
      "mark_price": 10007.0,
      "markout_1_count": 585,
      "markout_20_count": 585,
      "markout_5_count": 585,
      "order_count": 60476,
      "pnl": 7301.0,
      "sell_trade_quantity": 2248,
      "steps_near_limit": 100,
      "taker_trade_count": 642,
      "taker_trade_quantity": 4480,
      "trade_count": 650
    },
    "INTARIAN_PEPPER_ROOT": {
      "avg_entry_edge": 2.9476877621571775,
      "avg_markout_1": 3.5034597947983777,
      "avg_markout_20": 3.4294917680744454,
      "avg_markout_5": 3.5601288475304225,
      "buy_trade_quantity": 2184,
      "cash": -322985.0,
      "entry_edge_count": 792,
      "final_position": 29,
      "maker_trade_count": 7,
      "maker_trade_quantity": 9,
      "mark_price": 13000.0,
      "markout_1_count": 760,
      "markout_20_count": 760,
      "markout_5_count": 760,
      "order_count": 58142,
      "pnl": 54015.0,
      "sell_trade_quantity": 2155,
      "steps_near_limit": 755,
      "taker_trade_count": 785,
      "taker_trade_quantity": 4330,
      "trade_count": 792
    }
  },
  "run_label": "round1_pepper_c1b_linear_drift_h32_t20_f07",
  "steps": 30000,
  "total_pnl": 61316.0
}