{
  "combined": {
    "ASH_COATED_OSMIUM": {
      "avg_entry_edge": 2.2447116455132488,
      "avg_markout_1": 1.961212272387129,
      "avg_markout_20": 1.7581691194811673,
      "avg_markout_5": 1.863681716138688,
      "final_position": -5,
      "maker_qty": 11,
      "maker_trades": 8,
      "pnl": 7301.0,
      "present": true,
      "steps_near_limit": 100,
      "taker_qty": 4480,
      "taker_trades": 642,
      "trades": 650
    },
    "INTARIAN_PEPPER_ROOT": {
      "avg_entry_edge": 3.0526183180682844,
      "avg_markout_1": 3.4601845889675897,
      "avg_markout_20": 3.3942906203047865,
      "avg_markout_5": 3.5037561708521143,
      "final_position": 28,
      "maker_qty": 60,
      "maker_trades": 45,
      "pnl": 16418.0,
      "present": true,
      "steps_near_limit": 4872,
      "taker_qty": 4744,
      "taker_trades": 862,
      "trades": 907
    }
  },
  "config_source": "default_engine_config()",
  "data_dir": "data/raw/round_1",
  "generated_at": "2026-04-14T13:23:29.142858+00:00",
  "label": "round1_mvb_phase3",
  "per_day": {
    "ASH_COATED_OSMIUM": {
      "-2": {
        "avg_entry_edge": 2.181917211328976,
        "avg_markout_1": 1.918261562998405,
        "avg_markout_20": 1.9242424242424243,
        "avg_markout_5": 1.9481658692185009,
        "final_position": 9,
        "maker_qty": 2,
        "pnl": 2391.5,
        "steps_near_limit": 0,
        "taker_qty": 1375,
        "trades": 197
      },
      "-1": {
        "avg_entry_edge": 2.256859756097561,
        "avg_markout_1": 1.8971452560873217,
        "avg_markout_20": 1.7737195633921075,
        "avg_markout_5": 1.9143576826196473,
        "final_position": 10,
        "maker_qty": 6,
        "pnl": 2750.0,
        "steps_near_limit": 9,
        "taker_qty": 1306,
        "trades": 196
      },
      "0": {
        "avg_entry_edge": 2.3290378006872854,
        "avg_markout_1": 2.0407824933687,
        "avg_markout_20": 1.6137267904509285,
        "avg_markout_5": 1.78315649867374,
        "final_position": 2,
        "maker_qty": 2,
        "pnl": 2172.0,
        "steps_near_limit": 68,
        "taker_qty": 1744,
        "trades": 249
      }
    },
    "INTARIAN_PEPPER_ROOT": {
      "-2": {
        "avg_entry_edge": 2.799169550637167,
        "avg_markout_1": 3.1541695865451995,
        "avg_markout_20": 3.000350385423966,
        "avg_markout_5": 3.1548703573931323,
        "final_position": -11,
        "maker_qty": 20,
        "pnl": 24863.5,
        "steps_near_limit": 2714,
        "taker_qty": 1471,
        "trades": 281
      },
      "-1": {
        "avg_entry_edge": 2.974281931279661,
        "avg_markout_1": 3.3952784503631963,
        "avg_markout_20": 3.2717917675544794,
        "avg_markout_5": 3.516041162227603,
        "final_position": -22,
        "maker_qty": 25,
        "pnl": 385.0,
        "steps_near_limit": 1123,
        "taker_qty": 1663,
        "trades": 322
      },
      "0": {
        "avg_entry_edge": 3.343241230207039,
        "avg_markout_1": 3.7842830306825297,
        "avg_markout_20": 3.831872260488416,
        "avg_markout_5": 3.8024420788979336,
        "final_position": 34,
        "maker_qty": 14,
        "pnl": -4174.0,
        "steps_near_limit": 1114,
        "taker_qty": 1628,
        "trades": 304
      }
    }
  },
  "product_configs": {
    "ASH_COATED_OSMIUM": {
      "anchor_price": 10000.0,
      "ewma_alpha": null,
      "fair_value_fallbacks": [
        "mid",
        "microprice"
      ],
      "fair_value_method": "wall_mid",
      "flatten_threshold": 0.7,
      "history_length": 48,
      "inventory_skew": 4.0,
      "maker_edge": 1.0,
      "max_aggressive_size": 10,
      "position_limit": 50,
      "quote_size": 5,
      "strategy_name": "market_making",
      "taker_edge": 1.0,
      "tick_size": 1
    },
    "INTARIAN_PEPPER_ROOT": {
      "anchor_price": null,
      "ewma_alpha": null,
      "fair_value_fallbacks": [
        "depth_mid",
        "hybrid_wall_micro",
        "mid"
      ],
      "fair_value_method": "linear_drift",
      "flatten_threshold": 0.8,
      "history_length": 48,
      "inventory_skew": 2.0,
      "maker_edge": 1.5,
      "max_aggressive_size": 8,
      "position_limit": 50,
      "quote_size": 4,
      "strategy_name": "market_making",
      "taker_edge": 1.0,
      "tick_size": 1
    }
  },
  "products": [
    "ASH_COATED_OSMIUM",
    "INTARIAN_PEPPER_ROOT"
  ]
}